ZengHuiMT	F-score: 0.706
ZengHuiMT	F-score: 0.769
ZengHuiMT	F-score: 0.417
ZengHuiMT	F-score: 0.651
ZengHuiMT	F-score: 0.800
ZengHuiMT	F-score: 0.588
ZengHuiMT	F-score: 0.769
ZengHuiMT	F-score: 0.607
ZengHuiMT	F-score: 0.750
ZengHuiMT	F-score: 0.475
ZengHuiMT	F-score: 0.426
ZengHuiMT	F-score: 0.520
ZengHuiMT	F-score: 0.507
ZengHuiMT	F-score: 0.877
ZengHuiMT	F-score: 0.767
ZengHuiMT	F-score: 0.800
ZengHuiMT	F-score: 1.000
ZengHuiMT	F-score: 0.800
ZengHuiMT	F-score: 0.774
ZengHuiMT	F-score: 0.538
ZengHuiMT	F-score: 0.650
ZengHuiMT	F-score: 0.707
ZengHuiMT	F-score: 0.738
ZengHuiMT	F-score: 0.795
ZengHuiMT	F-score: 0.559
ZengHuiMT	F-score: 0.200
ZengHuiMT	F-score: 0.656
ZengHuiMT	F-score: 0.755
ZengHuiMT	F-score: 0.716
ZengHuiMT	F-score: 0.909
ZengHuiMT	F-score: 0.645
ZengHuiMT	F-score: 0.750
ZengHuiMT	F-score: 0.783
ZengHuiMT	F-score: 0.733
ZengHuiMT	F-score: 0.576
ZengHuiMT	F-score: 0.817
ZengHuiMT	F-score: 0.800
ZengHuiMT	F-score: 0.571
ZengHuiMT	F-score: 0.639
ZengHuiMT	F-score: 0.690
ZengHuiMT	F-score: 0.571
ZengHuiMT	F-score: 0.716
ZengHuiMT	F-score: 0.917
ZengHuiMT	F-score: 0.718
ZengHuiMT	F-score: 0.667
ZengHuiMT	F-score: 0.526
ZengHuiMT	F-score: 0.667
ZengHuiMT	F-score: 0.718
ZengHuiMT	F-score: 0.536
ZengHuiMT	F-score: 0.750
ZengHuiMT	F-score: 0.625
ZengHuiMT	F-score: 0.727
ZengHuiMT	F-score: 1.000
ZengHuiMT	F-score: 0.840
ZengHuiMT	F-score: 0.684
ZengHuiMT	F-score: 0.635
ZengHuiMT	F-score: 0.781
ZengHuiMT	F-score: 0.609
ZengHuiMT	F-score: 0.678
ZengHuiMT	F-score: 0.597
ZengHuiMT	F-score: 0.582
ZengHuiMT	F-score: 0.794
ZengHuiMT	F-score: 0.457
ZengHuiMT	F-score: 0.806
ZengHuiMT	F-score: 0.571
ZengHuiMT	F-score: 0.678
ZengHuiMT	F-score: 0.800
ZengHuiMT	F-score: 0.758
ZengHuiMT	F-score: 0.718
ZengHuiMT	F-score: 0.731
ZengHuiMT	F-score: 0.448
ZengHuiMT	F-score: 0.776
ZengHuiMT	F-score: 0.694
ZengHuiMT	F-score: 0.833
ZengHuiMT	F-score: 0.688
ZengHuiMT	F-score: 0.714
ZengHuiMT	F-score: 0.833
ZengHuiMT	F-score: 0.857
ZengHuiMT	F-score: 0.524
ZengHuiMT	F-score: 0.579
ZengHuiMT	F-score: 0.969
ZengHuiMT	F-score: 0.723
ZengHuiMT	F-score: 1.000
ZengHuiMT	F-score: 0.875
ZengHuiMT	F-score: 0.667
ZengHuiMT	F-score: 0.600
ZengHuiMT	F-score: 0.581
ZengHuiMT	F-score: 1.000
ZengHuiMT	F-score: 0.426
ZengHuiMT	F-score: 0.683
ZengHuiMT	F-score: 0.543
ZengHuiMT	F-score: 0.613
ZengHuiMT	F-score: 0.611
ZengHuiMT	F-score: 0.412
ZengHuiMT	F-score: 0.494
ZengHuiMT	F-score: 0.738
ZengHuiMT	F-score: 0.320
ZengHuiMT	F-score: 0.695
ZengHuiMT	F-score: 0.750
ZengHuiMT	F-score: 0.625
ZengHuiMT	F-score: 0.650
ZengHuiMT	F-score: 0.745
ZengHuiMT	F-score: 0.727
ZengHuiMT	F-score: 0.585
ZengHuiMT	F-score: 0.682
ZengHuiMT	F-score: 0.400
ZengHuiMT	F-score: 0.840
ZengHuiMT	F-score: 0.849
ZengHuiMT	F-score: 0.771
ZengHuiMT	F-score: 0.750
ZengHuiMT	F-score: 0.500
ZengHuiMT	F-score: 0.525
ZengHuiMT	F-score: 0.528
ZengHuiMT	F-score: 1.000
ZengHuiMT	F-score: 0.458
ZengHuiMT	F-score: 0.765
ZengHuiMT	F-score: 0.672
ZengHuiMT	F-score: 0.667
ZengHuiMT	F-score: 0.623
ZengHuiMT	F-score: 0.629
ZengHuiMT	F-score: 0.506
ZengHuiMT	F-score: 0.639
ZengHuiMT	F-score: 0.545
ZengHuiMT	F-score: 0.816
ZengHuiMT	F-score: 0.706
ZengHuiMT	F-score: 0.558
ZengHuiMT	F-score: 0.625
ZengHuiMT	F-score: 1.000
ZengHuiMT	F-score: 1.000
ZengHuiMT	F-score: 0.660
ZengHuiMT	F-score: 0.791
ZengHuiMT	F-score: 0.556
ZengHuiMT	F-score: 0.727
ZengHuiMT	F-score: 0.727
ZengHuiMT	F-score: 0.783
ZengHuiMT	F-score: 0.750
ZengHuiMT	F-score: 0.667
ZengHuiMT	F-score: 0.706
ZengHuiMT	F-score: 0.882
ZengHuiMT	F-score: 0.675
ZengHuiMT	F-score: 0.538
ZengHuiMT	F-score: 0.414
ZengHuiMT	F-score: 0.525
ZengHuiMT	F-score: 0.360
ZengHuiMT	F-score: 0.900
ZengHuiMT	F-score: 0.692
ZengHuiMT	F-score: 0.729
ZengHuiMT	F-score: 0.725
ZengHuiMT	F-score: 0.735
ZengHuiMT	F-score: 0.655
ZengHuiMT	F-score: 0.581
ZengHuiMT	F-score: 0.690
ZengHuiMT	F-score: 0.408
ZengHuiMT	F-score: 0.500
ZengHuiMT	F-score: 0.861
ZengHuiMT	F-score: 0.753
ZengHuiMT	F-score: 0.377
ZengHuiMT	F-score: 0.584
ZengHuiMT	F-score: 0.654
ZengHuiMT	F-score: 0.649
ZengHuiMT	F-score: 0.649
ZengHuiMT	F-score: 0.705
ZengHuiMT	F-score: 0.765
ZengHuiMT	F-score: 0.634
ZengHuiMT	F-score: 0.667
ZengHuiMT	F-score: 0.560
ZengHuiMT	F-score: 0.826
ZengHuiMT	F-score: 0.734
ZengHuiMT	F-score: 0.900
ZengHuiMT	F-score: 0.408
ZengHuiMT	F-score: 0.716
ZengHuiMT	F-score: 0.701
ZengHuiMT	F-score: 0.659
ZengHuiMT	F-score: 0.629
ZengHuiMT	F-score: 0.553
ZengHuiMT	F-score: 0.565
ZengHuiMT	F-score: 0.642
ZengHuiMT	F-score: 1.000
ZengHuiMT	F-score: 0.696
ZengHuiMT	F-score: 0.578
ZengHuiMT	F-score: 0.681
ZengHuiMT	F-score: 0.343
ZengHuiMT	F-score: 0.476
ZengHuiMT	F-score: 0.836
ZengHuiMT	F-score: 0.644
ZengHuiMT	F-score: 0.674
ZengHuiMT	F-score: 0.769
ZengHuiMT	F-score: 0.653
ZengHuiMT	F-score: 0.750
ZengHuiMT	F-score: 0.441
ZengHuiMT	F-score: 0.595
ZengHuiMT	F-score: 0.759
ZengHuiMT	F-score: 0.833
ZengHuiMT	F-score: 0.517
ZengHuiMT	F-score: 0.505
ZengHuiMT	F-score: 0.480
ZengHuiMT	F-score: 0.708
ZengHuiMT	F-score: 0.610
ZengHuiMT	F-score: 0.643
ZengHuiMT	F-score: 0.752
ZengHuiMT	F-score: 0.761
ZengHuiMT	F-score: 0.720
ZengHuiMT	F-score: 0.750
ZengHuiMT	F-score: 0.865
ZengHuiMT	F-score: 0.560
ZengHuiMT	F-score: 0.762
ZengHuiMT	F-score: 0.706
ZengHuiMT	F-score: 0.717
ZengHuiMT	F-score: 0.653
ZengHuiMT	F-score: 0.674
ZengHuiMT	F-score: 1.000
ZengHuiMT	F-score: 0.800
ZengHuiMT	F-score: 0.595
ZengHuiMT	F-score: 0.633
ZengHuiMT	F-score: 0.487
ZengHuiMT	F-score: 0.667
ZengHuiMT	F-score: 0.571
ZengHuiMT	F-score: 0.654
ZengHuiMT	F-score: 0.844
ZengHuiMT	F-score: 0.818
ZengHuiMT	F-score: 0.681
ZengHuiMT	F-score: 0.769
ZengHuiMT	F-score: 0.333
ZengHuiMT	F-score: 0.556
ZengHuiMT	F-score: 0.824
ZengHuiMT	F-score: 0.571
ZengHuiMT	F-score: 0.745
ZengHuiMT	F-score: 0.723
ZengHuiMT	F-score: 0.806
ZengHuiMT	F-score: 0.292
ZengHuiMT	F-score: 0.653
ZengHuiMT	F-score: 0.784
ZengHuiMT	F-score: 0.571
ZengHuiMT	F-score: 0.553
ZengHuiMT	F-score: 0.767
ZengHuiMT	F-score: 0.667
ZengHuiMT	F-score: 0.692
ZengHuiMT	F-score: 0.733
ZengHuiMT	F-score: 0.610
ZengHuiMT	F-score: 0.875
ZengHuiMT	F-score: 0.653
ZengHuiMT	F-score: 0.500
ZengHuiMT	F-score: 0.465
ZengHuiMT	F-score: 0.636
ZengHuiMT	F-score: 0.431
ZengHuiMT	F-score: 0.533
ZengHuiMT	F-score: 0.462
ZengHuiMT	F-score: 0.677
ZengHuiMT	F-score: 0.493
ZengHuiMT	F-score: 0.675
ZengHuiMT	F-score: 0.609
ZengHuiMT	F-score: 0.598
ZengHuiMT	F-score: 0.611
ZengHuiMT	F-score: 0.850
ZengHuiMT	F-score: 0.571
ZengHuiMT	F-score: 0.568
ZengHuiMT	F-score: 0.489
ZengHuiMT	F-score: 0.589
ZengHuiMT	F-score: 0.575
ZengHuiMT	F-score: 0.489
ZengHuiMT	F-score: 0.311
ZengHuiMT	F-score: 0.727
ZengHuiMT	F-score: 0.700
ZengHuiMT	F-score: 0.644
ZengHuiMT	F-score: 0.603
ZengHuiMT	F-score: 0.474
ZengHuiMT	F-score: 0.510
ZengHuiMT	F-score: 0.600
ZengHuiMT	F-score: 0.529
ZengHuiMT	F-score: 0.431
ZengHuiMT	F-score: 0.560
ZengHuiMT	F-score: 0.558
ZengHuiMT	F-score: 0.500
ZengHuiMT	F-score: 0.500
ZengHuiMT	F-score: 0.596
ZengHuiMT	F-score: 0.524
ZengHuiMT	F-score: 0.522
ZengHuiMT	F-score: 0.432
ZengHuiMT	F-score: 0.817
ZengHuiMT	F-score: 0.842
ZengHuiMT	F-score: 0.533
ZengHuiMT	F-score: 0.774
ZengHuiMT	F-score: 0.600
ZengHuiMT	F-score: 0.592
ZengHuiMT	F-score: 0.741
ZengHuiMT	F-score: 0.535
ZengHuiMT	F-score: 0.585
ZengHuiMT	F-score: 0.683
ZengHuiMT	F-score: 0.338
ZengHuiMT	F-score: 0.419
ZengHuiMT	F-score: 0.675
ZengHuiMT	F-score: 0.818
ZengHuiMT	F-score: 0.667
ZengHuiMT	F-score: 0.704
ZengHuiMT	F-score: 0.841
ZengHuiMT	F-score: 0.724
ZengHuiMT	F-score: 0.360
ZengHuiMT	F-score: 0.800
ZengHuiMT	F-score: 0.649
ZengHuiMT	F-score: 0.833
ZengHuiMT	F-score: 0.381
ZengHuiMT	F-score: 0.710
ZengHuiMT	F-score: 0.692
ZengHuiMT	F-score: 0.769
ZengHuiMT	F-score: 0.826
ZengHuiMT	F-score: 0.710
ZengHuiMT	F-score: 0.917
ZengHuiMT	F-score: 0.824
ZengHuiMT	F-score: 0.467
ZengHuiMT	F-score: 0.541
ZengHuiMT	F-score: 0.511
ZengHuiMT	F-score: 0.815
ZengHuiMT	F-score: 0.508
ZengHuiMT	F-score: 0.786
ZengHuiMT	F-score: 0.617
ZengHuiMT	F-score: 0.678
ZengHuiMT	F-score: 0.667
ZengHuiMT	F-score: 0.648
ZengHuiMT	F-score: 0.760
ZengHuiMT	F-score: 0.912
ZengHuiMT	F-score: 0.721
ZengHuiMT	F-score: 0.800
ZengHuiMT	F-score: 0.783
ZengHuiMT	F-score: 0.700
ZengHuiMT	F-score: 0.608
ZengHuiMT	F-score: 0.796
ZengHuiMT	F-score: 0.585
ZengHuiMT	F-score: 0.734
ZengHuiMT	F-score: 0.933
ZengHuiMT	F-score: 1.000
ZengHuiMT	F-score: 0.869
ZengHuiMT	F-score: 0.667
ZengHuiMT	F-score: 0.659
ZengHuiMT	F-score: 0.648
ZengHuiMT	F-score: 0.700
ZengHuiMT	F-score: 0.667
ZengHuiMT	F-score: 0.620
ZengHuiMT	F-score: 0.627
ZengHuiMT	F-score: 0.741
ZengHuiMT	F-score: 0.735
ZengHuiMT	F-score: 0.750
ZengHuiMT	F-score: 0.500
ZengHuiMT	F-score: 0.750
ZengHuiMT	F-score: 0.432
ZengHuiMT	F-score: 0.825
ZengHuiMT	F-score: 0.509
ZengHuiMT	F-score: 0.762
ZengHuiMT	F-score: 0.529
ZengHuiMT	F-score: 0.703
ZengHuiMT	F-score: 0.738
ZengHuiMT	F-score: 0.458
ZengHuiMT	F-score: 0.786
ZengHuiMT	F-score: 0.875
ZengHuiMT	F-score: 0.714
ZengHuiMT	F-score: 0.545
ZengHuiMT	F-score: 0.549
ZengHuiMT	F-score: 0.750
ZengHuiMT	F-score: 0.772
ZengHuiMT	F-score: 0.913
ZengHuiMT	F-score: 1.000
ZengHuiMT	F-score: 0.895
ZengHuiMT	F-score: 0.780
ZengHuiMT	F-score: 0.762
ZengHuiMT	F-score: 0.553
ZengHuiMT	F-score: 0.864
ZengHuiMT	F-score: 0.547
ZengHuiMT	F-score: 1.000
ZengHuiMT	F-score: 0.629
ZengHuiMT	F-score: 0.837
ZengHuiMT	F-score: 1.000
ZengHuiMT	F-score: 0.733
ZengHuiMT	F-score: 0.780
ZengHuiMT	F-score: 1.000
ZengHuiMT	F-score: 0.767
ZengHuiMT	F-score: 0.964
ZengHuiMT	F-score: 0.543
ZengHuiMT	F-score: 0.333
ZengHuiMT	F-score: 0.584
ZengHuiMT	F-score: 0.647
ZengHuiMT	F-score: 0.766
ZengHuiMT	F-score: 0.748
ZengHuiMT	F-score: 0.681
ZengHuiMT	F-score: 0.500
ZengHuiMT	F-score: 0.750
ZengHuiMT	F-score: 0.599
ZengHuiMT	F-score: 0.679
ZengHuiMT	F-score: 0.755
ZengHuiMT	F-score: 0.492
ZengHuiMT	F-score: 0.735
ZengHuiMT	F-score: 0.500
ZengHuiMT	F-score: 0.781
ZengHuiMT	F-score: 0.561
ZengHuiMT	F-score: 0.531
ZengHuiMT	F-score: 0.867
ZengHuiMT	F-score: 1.000
ZengHuiMT	F-score: 0.580
ZengHuiMT	F-score: 0.604
ZengHuiMT	F-score: 0.923
ZengHuiMT	F-score: 0.833
ZengHuiMT	F-score: 0.691
ZengHuiMT	F-score: 0.723
ZengHuiMT	F-score: 0.533
ZengHuiMT	F-score: 0.444
ZengHuiMT	F-score: 0.588
ZengHuiMT	F-score: 0.566
ZengHuiMT	F-score: 0.675
ZengHuiMT	F-score: 0.458
ZengHuiMT	F-score: 0.658
ZengHuiMT	F-score: 0.658
ZengHuiMT	F-score: 0.712
ZengHuiMT	F-score: 0.449
ZengHuiMT	F-score: 1.000
ZengHuiMT	F-score: 0.538
ZengHuiMT	F-score: 0.526
ZengHuiMT	F-score: 0.900
ZengHuiMT	F-score: 0.583
ZengHuiMT	F-score: 0.792
ZengHuiMT	F-score: 0.582
ZengHuiMT	F-score: 0.619
ZengHuiMT	F-score: 1.000
ZengHuiMT	F-score: 0.548
ZengHuiMT	F-score: 0.733
ZengHuiMT	F-score: 0.545
ZengHuiMT	F-score: 0.557
ZengHuiMT	F-score: 0.842
ZengHuiMT	F-score: 0.902
ZengHuiMT	F-score: 1.000
ZengHuiMT	F-score: 0.774
ZengHuiMT	F-score: 0.590
ZengHuiMT	F-score: 0.708
ZengHuiMT	F-score: 0.716
ZengHuiMT	F-score: 0.800
ZengHuiMT	F-score: 0.069
ZengHuiMT	F-score: 0.758
ZengHuiMT	F-score: 0.861
ZengHuiMT	F-score: 0.754
ZengHuiMT	F-score: 0.796
ZengHuiMT	F-score: 0.815
ZengHuiMT	F-score: 0.817
ZengHuiMT	F-score: 0.642
ZengHuiMT	F-score: 0.800
ZengHuiMT	F-score: 0.582
ZengHuiMT	F-score: 1.000
ZengHuiMT	F-score: 0.860
ZengHuiMT	F-score: 1.000
ZengHuiMT	F-score: 0.667
ZengHuiMT	F-score: 0.569
ZengHuiMT	F-score: 0.629
ZengHuiMT	F-score: 0.597
ZengHuiMT	F-score: 0.588
ZengHuiMT	F-score: 0.525
ZengHuiMT	F-score: 0.655
ZengHuiMT	F-score: 0.794
ZengHuiMT	F-score: 0.643
ZengHuiMT	F-score: 0.462
ZengHuiMT	F-score: 0.261
ZengHuiMT	F-score: 0.400
ZengHuiMT	F-score: 0.875
ZengHuiMT	F-score: 0.417
ZengHuiMT	F-score: 0.507
ZengHuiMT	F-score: 0.677
ZengHuiMT	F-score: 0.698
ZengHuiMT	F-score: 0.529
ZengHuiMT	F-score: 0.434
ZengHuiMT	F-score: 0.776
ZengHuiMT	F-score: 0.743
ZengHuiMT	F-score: 0.700
ZengHuiMT	F-score: 0.623
ZengHuiMT	F-score: 0.692
ZengHuiMT	F-score: 0.694
ZengHuiMT	F-score: 0.500
ZengHuiMT	F-score: 0.545
ZengHuiMT	F-score: 0.468
ZengHuiMT	F-score: 0.435
ZengHuiMT	F-score: 0.571
ZengHuiMT	F-score: 0.525
ZengHuiMT	F-score: 0.500
ZengHuiMT	F-score: 0.630
ZengHuiMT	F-score: 0.650
ZengHuiMT	F-score: 0.651
ZengHuiMT	F-score: 0.574
ZengHuiMT	F-score: 0.748
ZengHuiMT	F-score: 0.860
ZengHuiMT	F-score: 0.571
ZengHuiMT	F-score: 0.743
ZengHuiMT	F-score: 0.492
ZengHuiMT	F-score: 0.651
ZengHuiMT	F-score: 0.679
ZengHuiMT	F-score: 0.846
ZengHuiMT	F-score: 1.000
ZengHuiMT	F-score: 0.880
ZengHuiMT	F-score: 0.868
ZengHuiMT	F-score: 1.000
ZengHuiMT	F-score: 0.889
ZengHuiMT	F-score: 0.695
ZengHuiMT	F-score: 0.600
ZengHuiMT	F-score: 0.635
ZengHuiMT	F-score: 0.760
ZengHuiMT	F-score: 0.852
ZengHuiMT	F-score: 0.625
ZengHuiMT	F-score: 0.550
ZengHuiMT	F-score: 0.740
ZengHuiMT	F-score: 0.821
ZengHuiMT	F-score: 0.835
ZengHuiMT	F-score: 0.677
ZengHuiMT	F-score: 0.462
ZengHuiMT	F-score: 0.833
ZengHuiMT	F-score: 0.638
ZengHuiMT	F-score: 0.598
ZengHuiMT	F-score: 0.605
ZengHuiMT	F-score: 0.849
ZengHuiMT	F-score: 0.435
ZengHuiMT	F-score: 0.489
ZengHuiMT	F-score: 0.909
ZengHuiMT	F-score: 0.680
ZengHuiMT	F-score: 0.468
ZengHuiMT	F-score: 1.000
ZengHuiMT	F-score: 0.659
ZengHuiMT	F-score: 0.679
ZengHuiMT	F-score: 0.693
ZengHuiMT	F-score: 0.874
ZengHuiMT	F-score: 0.773
ZengHuiMT	F-score: 0.200
ZengHuiMT	F-score: 0.604
ZengHuiMT	F-score: 0.733
ZengHuiMT	F-score: 0.602
ZengHuiMT	F-score: 0.698
ZengHuiMT	F-score: 0.602
ZengHuiMT	F-score: 0.822
ZengHuiMT	F-score: 0.864
ZengHuiMT	F-score: 0.678
ZengHuiMT	F-score: 0.667
ZengHuiMT	F-score: 0.805
ZengHuiMT	F-score: 0.674
ZengHuiMT	F-score: 0.667
ZengHuiMT	F-score: 0.727
ZengHuiMT	F-score: 0.391
ZengHuiMT	F-score: 0.680
ZengHuiMT	F-score: 0.762
ZengHuiMT	F-score: 0.366
ZengHuiMT	F-score: 0.795
ZengHuiMT	F-score: 0.579
ZengHuiMT	F-score: 0.723
ZengHuiMT	F-score: 0.478
ZengHuiMT	F-score: 0.619
ZengHuiMT	F-score: 0.714
ZengHuiMT	F-score: 0.720
ZengHuiMT	F-score: 0.867
ZengHuiMT	F-score: 0.845
ZengHuiMT	F-score: 0.611
ZengHuiMT	F-score: 0.733
ZengHuiMT	F-score: 0.771
ZengHuiMT	F-score: 0.576
ZengHuiMT	F-score: 0.463
ZengHuiMT	F-score: 0.758
ZengHuiMT	F-score: 0.720
ZengHuiMT	F-score: 0.701
ZengHuiMT	F-score: 0.824
ZengHuiMT	F-score: 0.373
ZengHuiMT	F-score: 0.795
ZengHuiMT	F-score: 0.574
ZengHuiMT	F-score: 0.490
ZengHuiMT	F-score: 0.636
ZengHuiMT	F-score: 0.697
ZengHuiMT	F-score: 0.595
ZengHuiMT	F-score: 0.793
ZengHuiMT	F-score: 0.730
ZengHuiMT	F-score: 0.585
ZengHuiMT	F-score: 0.809
ZengHuiMT	F-score: 0.538
ZengHuiMT	F-score: 0.462
ZengHuiMT	F-score: 0.735
ZengHuiMT	F-score: 0.635
ZengHuiMT	F-score: 0.469
ZengHuiMT	F-score: 0.455
ZengHuiMT	F-score: 0.716
ZengHuiMT	F-score: 0.471
ZengHuiMT	F-score: 0.609
ZengHuiMT	F-score: 0.563
ZengHuiMT	F-score: 0.617
ZengHuiMT	F-score: 0.667
ZengHuiMT	F-score: 0.627
ZengHuiMT	F-score: 1.000
ZengHuiMT	F-score: 0.755
ZengHuiMT	F-score: 0.733
ZengHuiMT	F-score: 0.679
ZengHuiMT	F-score: 0.740
ZengHuiMT	F-score: 0.417
ZengHuiMT	F-score: 0.952
ZengHuiMT	F-score: 0.560
ZengHuiMT	F-score: 0.737
ZengHuiMT	F-score: 0.444
ZengHuiMT	F-score: 0.746
ZengHuiMT	F-score: 0.679
ZengHuiMT	F-score: 0.833
ZengHuiMT	F-score: 0.647
ZengHuiMT	F-score: 0.556
ZengHuiMT	F-score: 0.597
ZengHuiMT	F-score: 0.833
ZengHuiMT	F-score: 0.533
ZengHuiMT	F-score: 0.524
ZengHuiMT	F-score: 0.500
ZengHuiMT	F-score: 0.815
ZengHuiMT	F-score: 0.632
ZengHuiMT	F-score: 0.603
ZengHuiMT	F-score: 0.881
ZengHuiMT	F-score: 0.696
ZengHuiMT	F-score: 0.522
ZengHuiMT	F-score: 0.848
ZengHuiMT	F-score: 0.785
ZengHuiMT	F-score: 0.553
ZengHuiMT	F-score: 0.720
ZengHuiMT	F-score: 0.667
ZengHuiMT	F-score: 0.718
ZengHuiMT	F-score: 0.833
ZengHuiMT	F-score: 0.733
ZengHuiMT	F-score: 0.642
ZengHuiMT	F-score: 0.500
ZengHuiMT	F-score: 0.477
ZengHuiMT	F-score: 0.744
ZengHuiMT	F-score: 0.624
ZengHuiMT	F-score: 0.673
ZengHuiMT	F-score: 0.622
ZengHuiMT	F-score: 0.792
ZengHuiMT	F-score: 1.000
ZengHuiMT	F-score: 0.605
ZengHuiMT	F-score: 0.561
ZengHuiMT	F-score: 0.675
ZengHuiMT	F-score: 0.522
ZengHuiMT	F-score: 0.765
ZengHuiMT	F-score: 0.692
ZengHuiMT	F-score: 0.733
ZengHuiMT	F-score: 0.786
ZengHuiMT	F-score: 0.426
ZengHuiMT	F-score: 0.780
ZengHuiMT	F-score: 0.581
ZengHuiMT	F-score: 0.857
ZengHuiMT	F-score: 0.718
ZengHuiMT	F-score: 0.600
ZengHuiMT	F-score: 0.696
ZengHuiMT	F-score: 0.600
ZengHuiMT	F-score: 1.000
ZengHuiMT	F-score: 0.667
ZengHuiMT	F-score: 0.633
ZengHuiMT	F-score: 0.525
ZengHuiMT	F-score: 0.824
ZengHuiMT	F-score: 0.709
ZengHuiMT	F-score: 0.469
ZengHuiMT	F-score: 0.549
ZengHuiMT	F-score: 0.552
ZengHuiMT	F-score: 0.593
ZengHuiMT	F-score: 0.769
ZengHuiMT	F-score: 0.667
ZengHuiMT	F-score: 0.846
ZengHuiMT	F-score: 0.674
ZengHuiMT	F-score: 0.783
ZengHuiMT	F-score: 0.650
ZengHuiMT	F-score: 0.758
ZengHuiMT	F-score: 0.714
ZengHuiMT	F-score: 0.500
ZengHuiMT	F-score: 0.875
ZengHuiMT	F-score: 0.816
ZengHuiMT	F-score: 0.651
ZengHuiMT	F-score: 0.804
ZengHuiMT	F-score: 0.714
ZengHuiMT	F-score: 0.432
ZengHuiMT	F-score: 0.677
ZengHuiMT	F-score: 0.754
ZengHuiMT	F-score: 0.643
ZengHuiMT	F-score: 0.800
ZengHuiMT	F-score: 0.962
ZengHuiMT	F-score: 0.879
ZengHuiMT	F-score: 0.421
ZengHuiMT	F-score: 0.800
ZengHuiMT	F-score: 0.414
ZengHuiMT	F-score: 0.776
ZengHuiMT	F-score: 1.000
ZengHuiMT	F-score: 0.733
ZengHuiMT	F-score: 0.537
ZengHuiMT	F-score: 0.678
ZengHuiMT	F-score: 0.836
ZengHuiMT	F-score: 0.739
ZengHuiMT	F-score: 0.368
ZengHuiMT	F-score: 0.367
ZengHuiMT	F-score: 0.636
ZengHuiMT	F-score: 0.740
ZengHuiMT	F-score: 0.746
ZengHuiMT	F-score: 0.619
ZengHuiMT	F-score: 0.452
ZengHuiMT	F-score: 0.564
ZengHuiMT	F-score: 0.435
ZengHuiMT	F-score: 0.727
ZengHuiMT	F-score: 0.526
ZengHuiMT	F-score: 0.579
ZengHuiMT	F-score: 0.889
ZengHuiMT	F-score: 0.625
ZengHuiMT	F-score: 0.564
ZengHuiMT	F-score: 0.784
ZengHuiMT	F-score: 0.759
ZengHuiMT	F-score: 0.611
ZengHuiMT	F-score: 0.414
ZengHuiMT	F-score: 0.900
ZengHuiMT	F-score: 0.525
ZengHuiMT	F-score: 0.593
ZengHuiMT	F-score: 0.640
ZengHuiMT	F-score: 0.650
ZengHuiMT	F-score: 0.667
ZengHuiMT	F-score: 0.760
ZengHuiMT	F-score: 0.504
ZengHuiMT	F-score: 0.612
ZengHuiMT	F-score: 0.696
ZengHuiMT	F-score: 0.667
ZengHuiMT	F-score: 0.429
ZengHuiMT	F-score: 0.600
ZengHuiMT	F-score: 0.615
ZengHuiMT	F-score: 0.615
ZengHuiMT	F-score: 0.632
ZengHuiMT	F-score: 0.515
ZengHuiMT	F-score: 0.815
ZengHuiMT	F-score: 0.345
ZengHuiMT	F-score: 0.526
ZengHuiMT	F-score: 0.308
ZengHuiMT	F-score: 0.538
ZengHuiMT	F-score: 0.465
ZengHuiMT	F-score: 0.727
ZengHuiMT	F-score: 0.552
ZengHuiMT	F-score: 0.800
ZengHuiMT	F-score: 0.510
ZengHuiMT	F-score: 0.580
ZengHuiMT	F-score: 0.333
ZengHuiMT	F-score: 0.270
ZengHuiMT	F-score: 0.667
ZengHuiMT	F-score: 0.500
ZengHuiMT	F-score: 0.917
ZengHuiMT	F-score: 0.833
ZengHuiMT	F-score: 0.511
ZengHuiMT	F-score: 0.773
ZengHuiMT	F-score: 0.789
ZengHuiMT	F-score: 0.744
ZengHuiMT	F-score: 0.554
ZengHuiMT	F-score: 0.774
ZengHuiMT	F-score: 0.250
ZengHuiMT	F-score: 0.473
ZengHuiMT	F-score: 0.687
ZengHuiMT	F-score: 0.400
ZengHuiMT	F-score: 0.900
ZengHuiMT	F-score: 0.800
ZengHuiMT	F-score: 0.500
ZengHuiMT	F-score: 1.000
ZengHuiMT	F-score: 0.644
ZengHuiMT	F-score: 0.710
ZengHuiMT	F-score: 0.606
ZengHuiMT	F-score: 0.704
ZengHuiMT	F-score: 0.591
ZengHuiMT	F-score: 0.612
ZengHuiMT	F-score: 0.603
ZengHuiMT	F-score: 0.575
ZengHuiMT	F-score: 0.700
ZengHuiMT	F-score: 0.422
ZengHuiMT	F-score: 0.551
ZengHuiMT	F-score: 0.500
ZengHuiMT	F-score: 0.250
ZengHuiMT	F-score: 0.500
ZengHuiMT	F-score: 0.800
ZengHuiMT	F-score: 0.897
ZengHuiMT	F-score: 0.667
ZengHuiMT	F-score: 0.585
ZengHuiMT	F-score: 0.613
ZengHuiMT	F-score: 0.676
ZengHuiMT	F-score: 0.597
ZengHuiMT	F-score: 0.732
ZengHuiMT	F-score: 0.750
ZengHuiMT	F-score: 0.625
ZengHuiMT	F-score: 0.423
ZengHuiMT	F-score: 0.510
ZengHuiMT	F-score: 0.517
ZengHuiMT	F-score: 0.407
ZengHuiMT	F-score: 0.462
ZengHuiMT	F-score: 0.316
ZengHuiMT	F-score: 0.417
ZengHuiMT	F-score: 0.623
ZengHuiMT	F-score: 0.385
ZengHuiMT	F-score: 0.765
ZengHuiMT	F-score: 0.532
ZengHuiMT	F-score: 0.674
ZengHuiMT	F-score: 0.626
ZengHuiMT	F-score: 0.607
ZengHuiMT	F-score: 0.250
ZengHuiMT	F-score: 0.615
ZengHuiMT	F-score: 0.444
ZengHuiMT	F-score: 0.500
ZengHuiMT	F-score: 0.600
ZengHuiMT	F-score: 0.496
ZengHuiMT	F-score: 0.597
ZengHuiMT	F-score: 0.500
ZengHuiMT	F-score: 0.452
ZengHuiMT	F-score: 0.795
ZengHuiMT	F-score: 0.554
ZengHuiMT	F-score: 0.603
ZengHuiMT	F-score: 0.618
ZengHuiMT	F-score: 0.738
ZengHuiMT	F-score: 0.500
ZengHuiMT	F-score: 0.540
ZengHuiMT	F-score: 0.632
ZengHuiMT	F-score: 0.353
ZengHuiMT	F-score: 0.545
ZengHuiMT	F-score: 0.647
ZengHuiMT	F-score: 0.526
ZengHuiMT	F-score: 0.400
ZengHuiMT	F-score: 0.250
ZengHuiMT	F-score: 0.667
ZengHuiMT	F-score: 0.612
ZengHuiMT	F-score: 0.800
ZengHuiMT	F-score: 0.842
ZengHuiMT	F-score: 0.882
ZengHuiMT	F-score: 0.552
ZengHuiMT	F-score: 0.895
ZengHuiMT	F-score: 0.712
ZengHuiMT	F-score: 0.893
ZengHuiMT	F-score: 0.636
ZengHuiMT	F-score: 0.565
ZengHuiMT	F-score: 0.512
ZengHuiMT	F-score: 0.723
ZengHuiMT	F-score: 0.623
ZengHuiMT	F-score: 0.792
ZengHuiMT	F-score: 0.865
ZengHuiMT	F-score: 0.458
ZengHuiMT	F-score: 0.510
ZengHuiMT	F-score: 0.517
ZengHuiMT	F-score: 0.594
ZengHuiMT	F-score: 0.730
ZengHuiMT	F-score: 1.000
ZengHuiMT	F-score: 0.579
ZengHuiMT	F-score: 0.667
ZengHuiMT	F-score: 0.600
ZengHuiMT	F-score: 0.700
ZengHuiMT	F-score: 0.831
ZengHuiMT	F-score: 0.706
ZengHuiMT	F-score: 0.792
ZengHuiMT	F-score: 0.857
ZengHuiMT	F-score: 0.596
ZengHuiMT	F-score: 0.536
ZengHuiMT	F-score: 0.632
ZengHuiMT	F-score: 0.462
ZengHuiMT	F-score: 0.739
ZengHuiMT	F-score: 0.440
ZengHuiMT	F-score: 0.419
ZengHuiMT	F-score: 0.559
ZengHuiMT	F-score: 0.444
ZengHuiMT	F-score: 0.558
ZengHuiMT	F-score: 0.747
ZengHuiMT	F-score: 0.636
ZengHuiMT	F-score: 0.958
ZengHuiMT	F-score: 0.444
ZengHuiMT	F-score: 0.455
ZengHuiMT	F-score: 0.851
ZengHuiMT	F-score: 0.500
ZengHuiMT	F-score: 0.356
ZengHuiMT	F-score: 0.785
ZengHuiMT	F-score: 0.792
ZengHuiMT	F-score: 0.753
ZengHuiMT	F-score: 0.804
ZengHuiMT	F-score: 0.828
ZengHuiMT	F-score: 0.705
ZengHuiMT	F-score: 0.929
ZengHuiMT	F-score: 0.500
ZengHuiMT	F-score: 0.741
ZengHuiMT	F-score: 0.708
ZengHuiMT	F-score: 0.722
ZengHuiMT	F-score: 0.500
ZengHuiMT	F-score: 0.478
ZengHuiMT	F-score: 0.661
ZengHuiMT	F-score: 0.857
ZengHuiMT	F-score: 0.522
ZengHuiMT	F-score: 0.562
ZengHuiMT	F-score: 0.369
ZengHuiMT	F-score: 0.730
ZengHuiMT	F-score: 0.514
ZengHuiMT	F-score: 0.692
ZengHuiMT	F-score: 0.750
ZengHuiMT	F-score: 0.811
ZengHuiMT	F-score: 0.737
ZengHuiMT	F-score: 0.621
ZengHuiMT	F-score: 0.677
ZengHuiMT	F-score: 0.634
ZengHuiMT	F-score: 0.677
ZengHuiMT	F-score: 0.563
ZengHuiMT	F-score: 0.532
ZengHuiMT	F-score: 0.318
ZengHuiMT	F-score: 0.825
ZengHuiMT	F-score: 0.608
ZengHuiMT	F-score: 0.464
ZengHuiMT	F-score: 0.580
ZengHuiMT	F-score: 0.485
ZengHuiMT	F-score: 0.688
ZengHuiMT	F-score: 0.656
ZengHuiMT	F-score: 0.700
ZengHuiMT	F-score: 0.630
ZengHuiMT	F-score: 0.487
ZengHuiMT	F-score: 0.875
ZengHuiMT	F-score: 0.838
ZengHuiMT	F-score: 0.651
ZengHuiMT	F-score: 0.625
ZengHuiMT	F-score: 0.553
ZengHuiMT	F-score: 0.767
ZengHuiMT	F-score: 0.609
ZengHuiMT	F-score: 0.687
ZengHuiMT	F-score: 0.174
ZengHuiMT	F-score: 0.206
ZengHuiMT	F-score: 0.627
ZengHuiMT	F-score: 0.703
ZengHuiMT	F-score: 0.556
ZengHuiMT	F-score: 0.814
ZengHuiMT	F-score: 0.667
ZengHuiMT	F-score: 0.655
ZengHuiMT	F-score: 0.680
ZengHuiMT	F-score: 0.656
ZengHuiMT	F-score: 0.480
ZengHuiMT	F-score: 0.716
ZengHuiMT	F-score: 0.468
ZengHuiMT	F-score: 0.500
ZengHuiMT	F-score: 0.647
ZengHuiMT	F-score: 0.653
ZengHuiMT	F-score: 0.567
ZengHuiMT	F-score: 0.579
ZengHuiMT	F-score: 0.712
ZengHuiMT	F-score: 0.492
ZengHuiMT	F-score: 0.688
ZengHuiMT	F-score: 0.892
ZengHuiMT	F-score: 0.797
ZengHuiMT	F-score: 0.824
ZengHuiMT	F-score: 0.608
ZengHuiMT	F-score: 0.693
ZengHuiMT	F-score: 0.667
ZengHuiMT	F-score: 1.000
ZengHuiMT	F-score: 0.600
ZengHuiMT	F-score: 0.364
ZengHuiMT	F-score: 0.764
ZengHuiMT	F-score: 0.474
ZengHuiMT	F-score: 0.723
ZengHuiMT	F-score: 0.627
ZengHuiMT	F-score: 0.605
ZengHuiMT	F-score: 0.750
ZengHuiMT	F-score: 0.615
ZengHuiMT	F-score: 0.604
ZengHuiMT	F-score: 0.686
ZengHuiMT	F-score: 0.451
ZengHuiMT	F-score: 0.857
ZengHuiMT	F-score: 0.610
ZengHuiMT	F-score: 0.544
ZengHuiMT	F-score: 0.533
ZengHuiMT	F-score: 0.606
ZengHuiMT	F-score: 1.000
ZengHuiMT	F-score: 0.593
ZengHuiMT	F-score: 0.844
ZengHuiMT	F-score: 0.817
ZengHuiMT	F-score: 0.545
ZengHuiMT	F-score: 0.526
ZengHuiMT	F-score: 0.625
ZengHuiMT	F-score: 0.878
ZengHuiMT	F-score: 0.421
ZengHuiMT	F-score: 0.571
ZengHuiMT	F-score: 0.867
ZengHuiMT	F-score: 0.375
ZengHuiMT	F-score: 0.842
ZengHuiMT	F-score: 0.471
ZengHuiMT	F-score: 0.729
ZengHuiMT	F-score: 0.636
ZengHuiMT	F-score: 0.632
ZengHuiMT	F-score: 0.762
ZengHuiMT	F-score: 0.500
ZengHuiMT	F-score: 0.638
ZengHuiMT	F-score: 0.870
ZengHuiMT	F-score: 0.571
ZengHuiMT	F-score: 0.526
ZengHuiMT	F-score: 1.000
ZengHuiMT	F-score: 0.500
ZengHuiMT	F-score: 0.583
ZengHuiMT	F-score: 0.571
ZengHuiMT	F-score: 0.642
ZengHuiMT	F-score: 0.682
ZengHuiMT	F-score: 0.450
ZengHuiMT	F-score: 0.655
ZengHuiMT	F-score: 0.659
ZengHuiMT	F-score: 0.390
ZengHuiMT	F-score: 0.308
ZengHuiMT	F-score: 0.833
ZengHuiMT	F-score: 0.682
ZengHuiMT	F-score: 0.857
ZengHuiMT	F-score: 0.600
ZengHuiMT	F-score: 0.923
ZengHuiMT	F-score: 0.550
ZengHuiMT	F-score: 0.500
ZengHuiMT	F-score: 0.611
ZengHuiMT	F-score: 0.545
ZengHuiMT	F-score: 0.607
ZengHuiMT	F-score: 0.613
ZengHuiMT	F-score: 0.629
ZengHuiMT	F-score: 0.364
ZengHuiMT	F-score: 0.559
ZengHuiMT	F-score: 0.648
ZengHuiMT	F-score: 0.750
ZengHuiMT	F-score: 0.636
ZengHuiMT	F-score: 0.482
ZengHuiMT	F-score: 0.750
ZengHuiMT	F-score: 0.597
ZengHuiMT	F-score: 0.746
ZengHuiMT	F-score: 0.765
ZengHuiMT	F-score: 0.944
ZengHuiMT	F-score: 0.727
ZengHuiMT	F-score: 0.790
ZengHuiMT	F-score: 0.605
ZengHuiMT	F-score: 0.500
ZengHuiMT	F-score: 0.715
ZengHuiMT	F-score: 0.576
ZengHuiMT	F-score: 0.727
ZengHuiMT	F-score: 0.645
ZengHuiMT	F-score: 0.851
ZengHuiMT	F-score: 0.667
ZengHuiMT	F-score: 0.567
ZengHuiMT	F-score: 0.425
ZengHuiMT	F-score: 0.430
ZengHuiMT	F-score: 0.708
ZengHuiMT	F-score: 0.563
ZengHuiMT	F-score: 0.813
ZengHuiMT	F-score: 0.523
ZengHuiMT	F-score: 0.582
ZengHuiMT	F-score: 0.842
ZengHuiMT	F-score: 0.700
ZengHuiMT	F-score: 0.387
ZengHuiMT	F-score: 0.703
ZengHuiMT	F-score: 0.708
ZengHuiMT	F-score: 0.615
ZengHuiMT	F-score: 0.818
ZengHuiMT	F-score: 0.750
ZengHuiMT	F-score: 0.569
ZengHuiMT	F-score: 0.700
ZengHuiMT	F-score: 0.821
ZengHuiMT	F-score: 0.657
ZengHuiMT	F-score: 0.731
ZengHuiMT	F-score: 0.727
ZengHuiMT	F-score: 0.700
ZengHuiMT	F-score: 0.657
ZengHuiMT	F-score: 0.900
ZengHuiMT	F-score: 0.791
ZengHuiMT	F-score: 0.789
ZengHuiMT	F-score: 0.346
ZengHuiMT	F-score: 0.685
ZengHuiMT	F-score: 0.786
ZengHuiMT	F-score: 0.737
ZengHuiMT	F-score: 0.650
ZengHuiMT	F-score: 0.882
ZengHuiMT	F-score: 0.690
ZengHuiMT	F-score: 0.763
ZengHuiMT	F-score: 0.939
ZengHuiMT	F-score: 0.470
ZengHuiMT	F-score: 0.774
ZengHuiMT	F-score: 0.537
ZengHuiMT	F-score: 0.736
ZengHuiMT	F-score: 0.568
ZengHuiMT	F-score: 0.735
ZengHuiMT	F-score: 0.818
ZengHuiMT	F-score: 0.800
ZengHuiMT	F-score: 0.538
ZengHuiMT	F-score: 0.662
ZengHuiMT	F-score: 0.703
ZengHuiMT	F-score: 0.783
ZengHuiMT	F-score: 0.348
ZengHuiMT	F-score: 0.624
ZengHuiMT	F-score: 1.000
ZengHuiMT	F-score: 0.844
ZengHuiMT	F-score: 0.411
ZengHuiMT	F-score: 0.382
ZengHuiMT	F-score: 0.639
ZengHuiMT	F-score: 0.714
ZengHuiMT	F-score: 0.759
ZengHuiMT	F-score: 0.552
ZengHuiMT	F-score: 0.554
ZengHuiMT	F-score: 0.557
ZengHuiMT	F-score: 0.609
ZengHuiMT	F-score: 0.534
ZengHuiMT	F-score: 0.520
ZengHuiMT	F-score: 0.602
ZengHuiMT	F-score: 0.511
ZengHuiMT	F-score: 0.809
ZengHuiMT	F-score: 0.356
ZengHuiMT	F-score: 0.429
ZengHuiMT	F-score: 0.774
ZengHuiMT	F-score: 0.905
ZengHuiMT	F-score: 0.565
ZengHuiMT	F-score: 0.654
ZengHuiMT	F-score: 0.333
ZengHuiMT	F-score: 0.769
ZengHuiMT	F-score: 0.895
ZengHuiMT	F-score: 1.000
ZengHuiMT	F-score: 0.938
ZengHuiMT	F-score: 0.683
ZengHuiMT	F-score: 0.895
ZengHuiMT	F-score: 0.634
ZengHuiMT	F-score: 0.603
ZengHuiMT	F-score: 0.743
ZengHuiMT	F-score: 0.694
ZengHuiMT	F-score: 0.409
ZengHuiMT	F-score: 0.531
ZengHuiMT	F-score: 0.824
ZengHuiMT	F-score: 0.655
ZengHuiMT	F-score: 1.000
ZengHuiMT	F-score: 0.747
ZengHuiMT	F-score: 0.957
ZengHuiMT	F-score: 0.767
ZengHuiMT	F-score: 0.568
ZengHuiMT	F-score: 0.689
ZengHuiMT	F-score: 0.821
ZengHuiMT	F-score: 0.681
ZengHuiMT	F-score: 0.667
ZengHuiMT	F-score: 1.000
ZengHuiMT	F-score: 0.795
ZengHuiMT	F-score: 0.444
ZengHuiMT	F-score: 0.714
ZengHuiMT	F-score: 0.947
ZengHuiMT	F-score: 0.624
ZengHuiMT	F-score: 0.739
ZengHuiMT	F-score: 0.739
ZengHuiMT	F-score: 0.731
ZengHuiMT	F-score: 0.933
ZengHuiMT	F-score: 0.706
ZengHuiMT	F-score: 0.830
ZengHuiMT	F-score: 0.899
ZengHuiMT	F-score: 0.800
ZengHuiMT	F-score: 0.778
ZengHuiMT	F-score: 0.442
ZengHuiMT	F-score: 0.931
ZengHuiMT	F-score: 0.867
ZengHuiMT	F-score: 0.826
ZengHuiMT	F-score: 0.154
ZengHuiMT	F-score: 0.844
ZengHuiMT	F-score: 0.690
ZengHuiMT	F-score: 0.733
ZengHuiMT	F-score: 0.968
ZengHuiMT	F-score: 0.889
ZengHuiMT	F-score: 0.750
ZengHuiMT	F-score: 0.508
ZengHuiMT	F-score: 0.667
ZengHuiMT	F-score: 0.824
ZengHuiMT	F-score: 0.766
ZengHuiMT	F-score: 0.496
ZengHuiMT	F-score: 0.769
ZengHuiMT	F-score: 1.000
ZengHuiMT	F-score: 0.667
ZengHuiMT	F-score: 0.690
ZengHuiMT	F-score: 0.941
ZengHuiMT	F-score: 0.468
ZengHuiMT	F-score: 0.414
ZengHuiMT	F-score: 0.553
ZengHuiMT	F-score: 0.395
ZengHuiMT	F-score: 0.576
ZengHuiMT	F-score: 0.729
ZengHuiMT	F-score: 0.733
ZengHuiMT	F-score: 0.773
ZengHuiMT	F-score: 0.625
ZengHuiMT	F-score: 0.688
ZengHuiMT	F-score: 0.711
ZengHuiMT	F-score: 0.862
ZengHuiMT	F-score: 0.672
ZengHuiMT	F-score: 0.632
ZengHuiMT	F-score: 0.707
ZengHuiMT	F-score: 0.682
ZengHuiMT	F-score: 0.836
ZengHuiMT	F-score: 0.680
ZengHuiMT	F-score: 0.690
ZengHuiMT	F-score: 0.817
ZengHuiMT	F-score: 0.424
ZengHuiMT	F-score: 0.921
ZengHuiMT	F-score: 0.632
ZengHuiMT	F-score: 0.600
ZengHuiMT	F-score: 0.683
ZengHuiMT	F-score: 0.419
ZengHuiMT	F-score: 0.576
ZengHuiMT	F-score: 0.708
ZengHuiMT	F-score: 0.846
ZengHuiMT	F-score: 0.475
ZengHuiMT	F-score: 0.754
ZengHuiMT	F-score: 0.258
ZengHuiMT	F-score: 0.523
ZengHuiMT	F-score: 0.481
ZengHuiMT	F-score: 0.457
ZengHuiMT	F-score: 0.703
ZengHuiMT	F-score: 0.703
ZengHuiMT	F-score: 0.743
ZengHuiMT	F-score: 0.250
ZengHuiMT	F-score: 0.699
ZengHuiMT	F-score: 0.421
ZengHuiMT	F-score: 0.750
ZengHuiMT	F-score: 0.764
ZengHuiMT	F-score: 0.423
ZengHuiMT	F-score: 0.529
ZengHuiMT	F-score: 0.857
ZengHuiMT	F-score: 0.750
ZengHuiMT	F-score: 0.703
ZengHuiMT	F-score: 0.535
ZengHuiMT	F-score: 0.627
ZengHuiMT	F-score: 0.387
ZengHuiMT	F-score: 0.538
ZengHuiMT	F-score: 0.458
ZengHuiMT	F-score: 0.610
ZengHuiMT	F-score: 0.407
ZengHuiMT	F-score: 0.698
ZengHuiMT	F-score: 0.730
ZengHuiMT	F-score: 0.810
ZengHuiMT	F-score: 0.756
ZengHuiMT	F-score: 0.653
ZengHuiMT	F-score: 0.621
ZengHuiMT	F-score: 0.505
ZengHuiMT	F-score: 0.488
ZengHuiMT	F-score: 0.571
ZengHuiMT	F-score: 0.627
ZengHuiMT	F-score: 0.583
ZengHuiMT	F-score: 0.558
ZengHuiMT	F-score: 0.646
ZengHuiMT	F-score: 0.416
ZengHuiMT	F-score: 0.708
ZengHuiMT	F-score: 0.769
ZengHuiMT	F-score: 0.659
ZengHuiMT	F-score: 0.667
ZengHuiMT	F-score: 0.947
ZengHuiMT	F-score: 0.730
ZengHuiMT	F-score: 0.492
ZengHuiMT	F-score: 0.407
ZengHuiMT	F-score: 0.615
ZengHuiMT	F-score: 0.571
ZengHuiMT	F-score: 0.614
ZengHuiMT	F-score: 0.585
ZengHuiMT	F-score: 0.372
ZengHuiMT	F-score: 0.739
ZengHuiMT	F-score: 0.786
ZengHuiMT	F-score: 0.574
ZengHuiMT	F-score: 0.615
ZengHuiMT	F-score: 0.800
ZengHuiMT	F-score: 0.812
ZengHuiMT	F-score: 0.838
ZengHuiMT	F-score: 0.529
ZengHuiMT	F-score: 0.612
ZengHuiMT	F-score: 0.610
ZengHuiMT	F-score: 0.732
ZengHuiMT	F-score: 0.579
ZengHuiMT	F-score: 0.744
ZengHuiMT	F-score: 0.367
ZengHuiMT	F-score: 0.587
ZengHuiMT	F-score: 0.375
ZengHuiMT	F-score: 0.273
ZengHuiMT	F-score: 0.667
ZengHuiMT	F-score: 1.000
ZengHuiMT	F-score: 0.500
ZengHuiMT	F-score: 0.793
ZengHuiMT	F-score: 0.767
ZengHuiMT	F-score: 0.553
ZengHuiMT	F-score: 0.833
ZengHuiMT	F-score: 0.746
ZengHuiMT	F-score: 0.769
ZengHuiMT	F-score: 0.625
ZengHuiMT	F-score: 0.769
ZengHuiMT	F-score: 0.818
ZengHuiMT	F-score: 0.882
ZengHuiMT	F-score: 0.710
ZengHuiMT	F-score: 0.565
ZengHuiMT	F-score: 0.609
ZengHuiMT	F-score: 0.588
ZengHuiMT	F-score: 0.758
ZengHuiMT	F-score: 0.672
ZengHuiMT	F-score: 0.605
ZengHuiMT	F-score: 0.889
ZengHuiMT	F-score: 0.694
ZengHuiMT	F-score: 0.842
ZengHuiMT	F-score: 0.562
ZengHuiMT	F-score: 0.638
ZengHuiMT	F-score: 0.875
ZengHuiMT	F-score: 0.600
ZengHuiMT	F-score: 0.730
ZengHuiMT	F-score: 0.800
ZengHuiMT	F-score: 0.800
ZengHuiMT	F-score: 0.937
ZengHuiMT	F-score: 0.630
ZengHuiMT	F-score: 0.929
ZengHuiMT	F-score: 0.660
ZengHuiMT	F-score: 0.778
ZengHuiMT	F-score: 0.639
ZengHuiMT	F-score: 0.952
ZengHuiMT	F-score: 0.704
ZengHuiMT	F-score: 0.929
ZengHuiMT	F-score: 0.704
ZengHuiMT	F-score: 0.429
ZengHuiMT	F-score: 0.727
ZengHuiMT	F-score: 0.469
ZengHuiMT	F-score: 0.765
ZengHuiMT	F-score: 0.955
ZengHuiMT	F-score: 0.643
ZengHuiMT	F-score: 0.674
ZengHuiMT	F-score: 0.889
ZengHuiMT	F-score: 0.553
ZengHuiMT	F-score: 0.465
ZengHuiMT	F-score: 0.641
ZengHuiMT	F-score: 0.571
ZengHuiMT	F-score: 0.615
ZengHuiMT	F-score: 0.560
ZengHuiMT	F-score: 0.730
ZengHuiMT	F-score: 0.769
ZengHuiMT	F-score: 0.600
ZengHuiMT	F-score: 0.667
ZengHuiMT	F-score: 0.750
ZengHuiMT	F-score: 0.556
ZengHuiMT	F-score: 0.609
ZengHuiMT	F-score: 0.687
ZengHuiMT	F-score: 0.772
ZengHuiMT	F-score: 0.533
ZengHuiMT	F-score: 0.646
ZengHuiMT	F-score: 0.848
ZengHuiMT	F-score: 0.704
ZengHuiMT	F-score: 0.857
ZengHuiMT	F-score: 0.712
ZengHuiMT	F-score: 0.560
ZengHuiMT	F-score: 0.750
ZengHuiMT	F-score: 0.655
ZengHuiMT	F-score: 0.640
ZengHuiMT	F-score: 0.748
ZengHuiMT	F-score: 0.455
ZengHuiMT	F-score: 0.677
ZengHuiMT	F-score: 0.500
ZengHuiMT	F-score: 0.714
ZengHuiMT	F-score: 0.700
ZengHuiMT	F-score: 0.600
ZengHuiMT	F-score: 0.759
ZengHuiMT	F-score: 0.571
ZengHuiMT	F-score: 0.628
ZengHuiMT	F-score: 0.321
ZengHuiMT	F-score: 0.952
ZengHuiMT	F-score: 0.556
ZengHuiMT	F-score: 0.696
ZengHuiMT	F-score: 0.521
ZengHuiMT	F-score: 0.792
ZengHuiMT	F-score: 0.444
ZengHuiMT	F-score: 0.431
ZengHuiMT	F-score: 0.827
ZengHuiMT	F-score: 0.833
ZengHuiMT	F-score: 0.800
ZengHuiMT	F-score: 0.786
ZengHuiMT	F-score: 0.587
ZengHuiMT	F-score: 0.568
ZengHuiMT	F-score: 0.635
ZengHuiMT	F-score: 0.494
ZengHuiMT	F-score: 0.535
ZengHuiMT	F-score: 0.647
ZengHuiMT	F-score: 0.615
ZengHuiMT	F-score: 0.686
ZengHuiMT	F-score: 0.655
ZengHuiMT	F-score: 0.688
ZengHuiMT	F-score: 0.731
ZengHuiMT	F-score: 0.693
ZengHuiMT	F-score: 0.824
ZengHuiMT	F-score: 0.638
ZengHuiMT	F-score: 1.000
ZengHuiMT	F-score: 0.621
ZengHuiMT	F-score: 0.714
ZengHuiMT	F-score: 0.875
ZengHuiMT	F-score: 0.754
ZengHuiMT	F-score: 0.776
ZengHuiMT	F-score: 0.583
ZengHuiMT	F-score: 0.667
ZengHuiMT	F-score: 0.778
ZengHuiMT	F-score: 0.684
ZengHuiMT	F-score: 0.450
ZengHuiMT	F-score: 0.901
ZengHuiMT	F-score: 0.784
ZengHuiMT	F-score: 0.810
ZengHuiMT	F-score: 0.654
ZengHuiMT	F-score: 0.521
ZengHuiMT	F-score: 0.812
ZengHuiMT	F-score: 0.750
ZengHuiMT	F-score: 0.909
ZengHuiMT	F-score: 0.500
ZengHuiMT	F-score: 1.000
ZengHuiMT	F-score: 0.733
ZengHuiMT	F-score: 0.769
ZengHuiMT	F-score: 0.571
ZengHuiMT	F-score: 0.452
ZengHuiMT	F-score: 0.724
ZengHuiMT	F-score: 0.846
ZengHuiMT	F-score: 0.875
ZengHuiMT	F-score: 0.417
ZengHuiMT	F-score: 0.727
ZengHuiMT	F-score: 0.741
ZengHuiMT	F-score: 0.632
ZengHuiMT	F-score: 0.636
ZengHuiMT	F-score: 0.938
ZengHuiMT	F-score: 0.605
ZengHuiMT	F-score: 0.640
ZengHuiMT	F-score: 0.842
ZengHuiMT	F-score: 0.638
ZengHuiMT	F-score: 0.688
ZengHuiMT	F-score: 0.640
ZengHuiMT	F-score: 0.526
ZengHuiMT	F-score: 0.800
ZengHuiMT	F-score: 0.760
ZengHuiMT	F-score: 0.789
ZengHuiMT	F-score: 0.727
ZengHuiMT	F-score: 0.438
ZengHuiMT	F-score: 0.769
ZengHuiMT	F-score: 0.775
ZengHuiMT	F-score: 0.452
ZengHuiMT	F-score: 0.639
ZengHuiMT	F-score: 0.750
ZengHuiMT	F-score: 0.639
ZengHuiMT	F-score: 0.778
ZengHuiMT	F-score: 0.487
ZengHuiMT	F-score: 0.674
ZengHuiMT	F-score: 0.769
ZengHuiMT	F-score: 0.706
ZengHuiMT	F-score: 0.971
ZengHuiMT	F-score: 0.753
ZengHuiMT	F-score: 0.764
ZengHuiMT	F-score: 0.584
ZengHuiMT	F-score: 0.842
ZengHuiMT	F-score: 0.625
ZengHuiMT	F-score: 0.784
ZengHuiMT	F-score: 0.887
ZengHuiMT	F-score: 0.370
ZengHuiMT	F-score: 0.792
ZengHuiMT	F-score: 0.703
ZengHuiMT	F-score: 0.895
ZengHuiMT	F-score: 0.600
ZengHuiMT	F-score: 0.356
ZengHuiMT	F-score: 0.723
ZengHuiMT	F-score: 0.450
ZengHuiMT	F-score: 0.721
ZengHuiMT	F-score: 0.529
ZengHuiMT	F-score: 0.848
ZengHuiMT	F-score: 0.472
ZengHuiMT	F-score: 0.561
ZengHuiMT	F-score: 0.639
ZengHuiMT	F-score: 0.853
ZengHuiMT	F-score: 0.889
ZengHuiMT	F-score: 0.667
ZengHuiMT	F-score: 0.750
ZengHuiMT	F-score: 0.828
ZengHuiMT	F-score: 0.581
ZengHuiMT	F-score: 0.723
ZengHuiMT	F-score: 0.491
ZengHuiMT	F-score: 0.746
ZengHuiMT	F-score: 0.582
ZengHuiMT	F-score: 0.692
ZengHuiMT	F-score: 0.541
ZengHuiMT	F-score: 0.778
ZengHuiMT	F-score: 0.900
ZengHuiMT	F-score: 0.828
ZengHuiMT	F-score: 0.917
ZengHuiMT	F-score: 0.875
ZengHuiMT	F-score: 0.651
ZengHuiMT	F-score: 0.825
ZengHuiMT	F-score: 0.763
ZengHuiMT	F-score: 0.833
ZengHuiMT	F-score: 0.764
ZengHuiMT	F-score: 0.700
ZengHuiMT	F-score: 0.723
ZengHuiMT	F-score: 0.800
ZengHuiMT	F-score: 0.571
ZengHuiMT	F-score: 0.600
ZengHuiMT	F-score: 0.917
ZengHuiMT	F-score: 0.762
ZengHuiMT	F-score: 0.632
ZengHuiMT	F-score: 0.596
ZengHuiMT	F-score: 0.739
ZengHuiMT	F-score: 0.927
ZengHuiMT	F-score: 0.529
ZengHuiMT	F-score: 0.843
ZengHuiMT	F-score: 0.682
ZengHuiMT	F-score: 0.741
ZengHuiMT	F-score: 0.714
ZengHuiMT	F-score: 0.597
ZengHuiMT	F-score: 0.412
ZengHuiMT	F-score: 0.677
ZengHuiMT	F-score: 0.600
ZengHuiMT	F-score: 0.781
ZengHuiMT	F-score: 0.703
ZengHuiMT	F-score: 0.619
ZengHuiMT	F-score: 0.818
ZengHuiMT	F-score: 0.680
ZengHuiMT	F-score: 0.604
ZengHuiMT	F-score: 0.698
ZengHuiMT	F-score: 0.488
ZengHuiMT	F-score: 0.764
ZengHuiMT	F-score: 0.692
ZengHuiMT	F-score: 0.754
ZengHuiMT	F-score: 0.455
ZengHuiMT	F-score: 0.769
ZengHuiMT	F-score: 0.610
ZengHuiMT	F-score: 0.725
ZengHuiMT	F-score: 0.725
ZengHuiMT	F-score: 0.684
ZengHuiMT	F-score: 0.636
ZengHuiMT	F-score: 0.661
ZengHuiMT	F-score: 0.692
ZengHuiMT	F-score: 0.900
ZengHuiMT	F-score: 0.557
ZengHuiMT	F-score: 0.717
ZengHuiMT	F-score: 0.767
ZengHuiMT	F-score: 0.750
ZengHuiMT	F-score: 0.333
ZengHuiMT	F-score: 0.358
ZengHuiMT	F-score: 0.444
ZengHuiMT	F-score: 0.654
ZengHuiMT	F-score: 0.800
ZengHuiMT	F-score: 0.435
ZengHuiMT	F-score: 0.476
ZengHuiMT	F-score: 0.800
ZengHuiMT	F-score: 0.691
ZengHuiMT	F-score: 0.617
ZengHuiMT	F-score: 0.886
ZengHuiMT	F-score: 0.559
ZengHuiMT	F-score: 0.656
ZengHuiMT	F-score: 0.652
ZengHuiMT	F-score: 0.615
ZengHuiMT	F-score: 0.653
ZengHuiMT	F-score: 0.583
ZengHuiMT	F-score: 0.438
ZengHuiMT	F-score: 0.727
ZengHuiMT	F-score: 0.705
ZengHuiMT	F-score: 0.750
ZengHuiMT	F-score: 0.889
ZengHuiMT	F-score: 1.000
ZengHuiMT	F-score: 0.602
ZengHuiMT	F-score: 0.596
ZengHuiMT	F-score: 0.678
ZengHuiMT	F-score: 0.870
ZengHuiMT	F-score: 0.776
ZengHuiMT	F-score: 0.818
ZengHuiMT	F-score: 0.444
ZengHuiMT	F-score: 0.769
ZengHuiMT	F-score: 0.846
ZengHuiMT	F-score: 1.000
ZengHuiMT	F-score: 1.000
ZengHuiMT	F-score: 0.539
ZengHuiMT	F-score: 0.706
ZengHuiMT	F-score: 0.346
ZengHuiMT	F-score: 0.667
ZengHuiMT	F-score: 0.960
ZengHuiMT	F-score: 0.603
ZengHuiMT	F-score: 0.912
ZengHuiMT	F-score: 0.917
ZengHuiMT	F-score: 0.634
ZengHuiMT	F-score: 0.659
ZengHuiMT	F-score: 1.000
ZengHuiMT	F-score: 0.744
ZengHuiMT	F-score: 0.540
ZengHuiMT	F-score: 0.640
ZengHuiMT	F-score: 0.687
ZengHuiMT	F-score: 0.656
ZengHuiMT	F-score: 0.509
ZengHuiMT	F-score: 0.636
ZengHuiMT	F-score: 0.702
ZengHuiMT	F-score: 0.731
ZengHuiMT	F-score: 0.637
ZengHuiMT	F-score: 0.586
ZengHuiMT	F-score: 0.721
ZengHuiMT	F-score: 1.000
ZengHuiMT	F-score: 1.000
ZengHuiMT	F-score: 0.645
ZengHuiMT	F-score: 0.667
ZengHuiMT	F-score: 0.897
ZengHuiMT	F-score: 1.000
ZengHuiMT	F-score: 0.821
ZengHuiMT	F-score: 0.424
ZengHuiMT	F-score: 0.583
ZengHuiMT	F-score: 0.691
ZengHuiMT	F-score: 0.559
ZengHuiMT	F-score: 0.286
ZengHuiMT	F-score: 0.556
ZengHuiMT	F-score: 0.727
ZengHuiMT	F-score: 0.238
ZengHuiMT	F-score: 0.929
ZengHuiMT	F-score: 1.000
ZengHuiMT	F-score: 0.200
ZengHuiMT	F-score: 0.645
ZengHuiMT	F-score: 0.375
ZengHuiMT	F-score: 0.533
ZengHuiMT	F-score: 0.571
ZengHuiMT	F-score: 0.500
ZengHuiMT	F-score: 0.400
ZengHuiMT	F-score: 0.837
ZengHuiMT	F-score: 0.105
ZengHuiMT	F-score: 0.385
ZengHuiMT	F-score: 0.333
ZengHuiMT	F-score: 0.667
ZengHuiMT	F-score: 0.710
ZengHuiMT	F-score: 0.800
ZengHuiMT	F-score: 1.000
ZengHuiMT	F-score: 0.615
ZengHuiMT	F-score: 0.500
ZengHuiMT	F-score: 0.800
ZengHuiMT	F-score: 0.800
ZengHuiMT	F-score: 0.500
ZengHuiMT	F-score: 0.375
ZengHuiMT	F-score: 0.364
ZengHuiMT	F-score: 0.696
ZengHuiMT	F-score: 0.167
ZengHuiMT	F-score: 0.727
ZengHuiMT	F-score: 0.667
ZengHuiMT	F-score: 0.595
ZengHuiMT	F-score: 0.653
ZengHuiMT	F-score: 0.875
ZengHuiMT	F-score: 0.633
ZengHuiMT	F-score: 0.625
ZengHuiMT	F-score: 0.333
ZengHuiMT	F-score: 0.480
ZengHuiMT	F-score: 0.545
ZengHuiMT	F-score: 0.250
ZengHuiMT	F-score: 0.716
ZengHuiMT	F-score: 1.000
ZengHuiMT	F-score: 0.769
ZengHuiMT	F-score: 0.800
ZengHuiMT	F-score: 0.750
ZengHuiMT	F-score: 0.750
ZengHuiMT	F-score: 0.571
ZengHuiMT	F-score: 0.571
ZengHuiMT	F-score: 0.600
ZengHuiMT	F-score: 0.333
ZengHuiMT	F-score: 0.500
ZengHuiMT	F-score: 0.375
ZengHuiMT	F-score: 1.000
ZengHuiMT	F-score: 0.333
ZengHuiMT	F-score: 0.300
ZengHuiMT	F-score: 0.571
ZengHuiMT	F-score: 1.000
ZengHuiMT	F-score: 0.643
ZengHuiMT	F-score: 1.000
ZengHuiMT	F-score: 0.545
ZengHuiMT	F-score: 0.778
ZengHuiMT	F-score: 0.909
ZengHuiMT	F-score: 0.917
ZengHuiMT	F-score: 0.974
ZengHuiMT	F-score: 0.333
ZengHuiMT	F-score: 0.359
ZengHuiMT	F-score: 0.588
ZengHuiMT	F-score: 0.600
ZengHuiMT	F-score: 0.833
ZengHuiMT	F-score: 0.348
ZengHuiMT	F-score: 0.329
ZengHuiMT	F-score: 0.509
ZengHuiMT	F-score: 0.690
ZengHuiMT	F-score: 0.222
ZengHuiMT	F-score: 0.400
ZengHuiMT	F-score: 0.900
ZengHuiMT	F-score: 0.706
ZengHuiMT	F-score: 0.700
ZengHuiMT	F-score: 0.800
ZengHuiMT	F-score: 0.333
ZengHuiMT	F-score: 0.333
ZengHuiMT	F-score: 1.000
ZengHuiMT	F-score: 0.545
ZengHuiMT	F-score: 0.750
ZengHuiMT	F-score: 0.273
ZengHuiMT	F-score: 0.167
ZengHuiMT	F-score: 1.000
ZengHuiMT	F-score: 0.444
ZengHuiMT	F-score: 0.429
ZengHuiMT	F-score: 0.542
ZengHuiMT	F-score: 0.500
ZengHuiMT	F-score: 0.389
ZengHuiMT	F-score: 0.533
ZengHuiMT	F-score: 0.682
ZengHuiMT	F-score: 0.917
ZengHuiMT	F-score: 0.400
ZengHuiMT	F-score: 0.348
ZengHuiMT	F-score: 0.294
ZengHuiMT	F-score: 0.667
ZengHuiMT	F-score: 0.757
ZengHuiMT	F-score: 0.467
ZengHuiMT	F-score: 0.722
ZengHuiMT	F-score: 0.818
ZengHuiMT	F-score: 0.750
ZengHuiMT	F-score: 0.909
ZengHuiMT	F-score: 0.491
ZengHuiMT	F-score: 0.848
ZengHuiMT	F-score: 0.870
ZengHuiMT	F-score: 1.000
ZengHuiMT	F-score: 0.200
ZengHuiMT	F-score: 1.000
ZengHuiMT	F-score: 0.750
ZengHuiMT	F-score: 0.880
ZengHuiMT	F-score: 0.875
ZengHuiMT	F-score: 0.556
ZengHuiMT	F-score: 0.592
ZengHuiMT	F-score: 1.000
ZengHuiMT	F-score: 0.632
ZengHuiMT	F-score: 0.667
ZengHuiMT	F-score: 0.429
ZengHuiMT	F-score: 0.818
ZengHuiMT	F-score: 0.694
ZengHuiMT	F-score: 0.619
ZengHuiMT	F-score: 0.721
ZengHuiMT	F-score: 0.833
ZengHuiMT	F-score: 0.667
ZengHuiMT	F-score: 0.812
ZengHuiMT	F-score: 0.429
ZengHuiMT	F-score: 0.333
ZengHuiMT	F-score: 0.750
ZengHuiMT	F-score: 0.600
ZengHuiMT	F-score: 0.421
ZengHuiMT	F-score: 0.875
ZengHuiMT	F-score: 0.675
ZengHuiMT	F-score: 0.606
ZengHuiMT	F-score: 0.526
ZengHuiMT	F-score: 0.603
ZengHuiMT	F-score: 0.444
ZengHuiMT	F-score: 0.750
ZengHuiMT	F-score: 0.730
ZengHuiMT	F-score: 0.480
ZengHuiMT	F-score: 0.667
ZengHuiMT	F-score: 0.778
ZengHuiMT	F-score: 0.500
ZengHuiMT	F-score: 1.000
ZengHuiMT	F-score: 0.471
ZengHuiMT	F-score: 0.658
ZengHuiMT	F-score: 0.741
ZengHuiMT	F-score: 0.727
ZengHuiMT	F-score: 0.833
ZengHuiMT	F-score: 0.800
ZengHuiMT	F-score: 0.750
ZengHuiMT	F-score: 1.000
ZengHuiMT	F-score: 0.766
ZengHuiMT	F-score: 0.857
ZengHuiMT	F-score: 0.857
ZengHuiMT	F-score: 0.800
ZengHuiMT	F-score: 0.400
ZengHuiMT	F-score: 0.700
ZengHuiMT	F-score: 0.652
ZengHuiMT	F-score: 0.571
ZengHuiMT	F-score: 0.600
ZengHuiMT	F-score: 0.750
ZengHuiMT	F-score: 0.636
ZengHuiMT	F-score: 0.786
ZengHuiMT	F-score: 0.756
ZengHuiMT	F-score: 0.682
ZengHuiMT	F-score: 0.593
ZengHuiMT	F-score: 0.553
ZengHuiMT	F-score: 0.820
ZengHuiMT	F-score: 0.600
ZengHuiMT	F-score: 0.615
ZengHuiMT	F-score: 0.429
ZengHuiMT	F-score: 0.320
ZengHuiMT	F-score: 0.824
ZengHuiMT	F-score: 0.692
ZengHuiMT	F-score: 0.933
ZengHuiMT	F-score: 0.628
ZengHuiMT	F-score: 0.714
ZengHuiMT	F-score: 0.812
ZengHuiMT	F-score: 0.542
ZengHuiMT	F-score: 0.578
ZengHuiMT	F-score: 0.649
ZengHuiMT	F-score: 0.750
ZengHuiMT	F-score: 0.833
ZengHuiMT	F-score: 0.619
ZengHuiMT	F-score: 0.621
ZengHuiMT	F-score: 0.882
ZengHuiMT	F-score: 0.778
ZengHuiMT	F-score: 0.895
ZengHuiMT	F-score: 1.000
ZengHuiMT	F-score: 0.452
ZengHuiMT	F-score: 0.746
ZengHuiMT	F-score: 0.314
ZengHuiMT	F-score: 0.639
ZengHuiMT	F-score: 0.308
ZengHuiMT	F-score: 0.750
ZengHuiMT	F-score: 0.456
ZengHuiMT	F-score: 0.750
ZengHuiMT	F-score: 0.755
ZengHuiMT	F-score: 0.626
ZengHuiMT	F-score: 0.867
ZengHuiMT	F-score: 0.717
ZengHuiMT	F-score: 0.719
ZengHuiMT	F-score: 0.863
ZengHuiMT	F-score: 0.742
ZengHuiMT	F-score: 0.746
ZengHuiMT	F-score: 0.667
ZengHuiMT	F-score: 0.600
ZengHuiMT	F-score: 0.706
ZengHuiMT	F-score: 0.889
ZengHuiMT	F-score: 0.746
ZengHuiMT	F-score: 0.727
ZengHuiMT	F-score: 0.571
ZengHuiMT	F-score: 0.733
ZengHuiMT	F-score: 0.387
ZengHuiMT	F-score: 0.833
ZengHuiMT	F-score: 0.583
ZengHuiMT	F-score: 1.000
ZengHuiMT	F-score: 0.571
ZengHuiMT	F-score: 0.552
ZengHuiMT	F-score: 0.857
ZengHuiMT	F-score: 1.000
ZengHuiMT	F-score: 0.714
ZengHuiMT	F-score: 0.500
ZengHuiMT	F-score: 0.452
ZengHuiMT	F-score: 0.667
ZengHuiMT	F-score: 0.667
ZengHuiMT	F-score: 0.914
ZengHuiMT	F-score: 0.333
ZengHuiMT	F-score: 0.571
ZengHuiMT	F-score: 0.783
ZengHuiMT	F-score: 0.647
ZengHuiMT	F-score: 0.525
ZengHuiMT	F-score: 0.603
ZengHuiMT	F-score: 0.917
ZengHuiMT	F-score: 0.571
ZengHuiMT	F-score: 0.105
ZengHuiMT	F-score: 0.900
ZengHuiMT	F-score: 0.818
ZengHuiMT	F-score: 0.919
ZengHuiMT	F-score: 0.900
ZengHuiMT	F-score: 0.667
ZengHuiMT	F-score: 0.525
ZengHuiMT	F-score: 0.593
ZengHuiMT	F-score: 0.500
ZengHuiMT	F-score: 0.909
ZengHuiMT	F-score: 0.600
ZengHuiMT	F-score: 0.771
ZengHuiMT	F-score: 0.750
ZengHuiMT	F-score: 0.267
ZengHuiMT	F-score: 0.125
ZengHuiMT	F-score: 0.857
ZengHuiMT	F-score: 0.696
ZengHuiMT	F-score: 0.706
ZengHuiMT	F-score: 0.691
ZengHuiMT	F-score: 0.750
ZengHuiMT	F-score: 0.667
ZengHuiMT	F-score: 0.800
ZengHuiMT	F-score: 1.000
ZengHuiMT	F-score: 1.000
ZengHuiMT	F-score: 0.125
ZengHuiMT	F-score: 0.800
ZengHuiMT	F-score: 0.657
ZengHuiMT	F-score: 0.700
ZengHuiMT	F-score: 1.000
ZengHuiMT	F-score: 0.815
ZengHuiMT	F-score: 0.625
ZengHuiMT	F-score: 1.000
ZengHuiMT	F-score: 0.857
ZengHuiMT	F-score: 0.667
ZengHuiMT	F-score: 0.692
ZengHuiMT	F-score: 0.533
ZengHuiMT	F-score: 0.917
ZengHuiMT	F-score: 0.677
ZengHuiMT	F-score: 0.762
ZengHuiMT	F-score: 0.667
ZengHuiMT	F-score: 0.596
ZengHuiMT	F-score: 0.806
ZengHuiMT	F-score: 0.720
ZengHuiMT	F-score: 0.667
ZengHuiMT	F-score: 0.840
ZengHuiMT	F-score: 0.757
ZengHuiMT	F-score: 0.481
ZengHuiMT	F-score: 0.809
ZengHuiMT	F-score: 0.596
ZengHuiMT	F-score: 0.270
ZengHuiMT	F-score: 0.680
ZengHuiMT	F-score: 0.944
ZengHuiMT	F-score: 0.750
ZengHuiMT	F-score: 0.950
ZengHuiMT	F-score: 0.667
ZengHuiMT	F-score: 0.576
ZengHuiMT	F-score: 0.750
ZengHuiMT	F-score: 0.167
ZengHuiMT	F-score: 0.421
ZengHuiMT	F-score: 0.800
ZengHuiMT	F-score: 0.750
ZengHuiMT	F-score: 0.600
ZengHuiMT	F-score: 0.636
ZengHuiMT	F-score: 0.600
ZengHuiMT	F-score: 0.348
ZengHuiMT	F-score: 0.667
ZengHuiMT	F-score: 0.833
ZengHuiMT	F-score: 0.833
ZengHuiMT	F-score: 0.632
ZengHuiMT	F-score: 0.421
ZengHuiMT	F-score: 0.612
ZengHuiMT	F-score: 0.375
ZengHuiMT	F-score: 0.714
ZengHuiMT	F-score: 0.375
ZengHuiMT	F-score: 0.762
ZengHuiMT	F-score: 0.556
ZengHuiMT	F-score: 1.000
ZengHuiMT	F-score: 0.719
ZengHuiMT	F-score: 0.625
ZengHuiMT	F-score: 0.235
ZengHuiMT	F-score: 0.778
ZengHuiMT	F-score: 0.514
ZengHuiMT	F-score: 1.000
ZengHuiMT	F-score: 0.559
ZengHuiMT	F-score: 0.480
ZengHuiMT	F-score: 0.600
ZengHuiMT	F-score: 0.514
ZengHuiMT	F-score: 0.700
ZengHuiMT	F-score: 0.296
ZengHuiMT	F-score: 0.630
ZengHuiMT	F-score: 0.789
ZengHuiMT	F-score: 0.733
ZengHuiMT	F-score: 0.800
ZengHuiMT	F-score: 0.200
ZengHuiMT	F-score: 0.625
ZengHuiMT	F-score: 0.556
ZengHuiMT	F-score: 0.545
ZengHuiMT	F-score: 0.385
ZengHuiMT	F-score: 0.667
